{ "web": { "client_id": "508995413726-h8q3p7crc5c4l759u4stnm0akjqrfg8v.apps.googleusercontent.com", "project_id": "bedadmission--2021-23", "auth_uri": "https://accounts.google.com/o/oauth2/auth", "token_uri": "https://oauth2.googleapis.com/token", "auth_provider_x509_cert_url": "https://www.googleapis.com/oauth2/v1/certs", "client_secret": "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", "redirect_uris": ["http://localhost:5000/google/callback", "https://indiandexter.com/upload-section"], "javascript_origins": ["http://localhost:5000"] } }